id,employeeId,status,companyId
101,375,pending,53
110,393,pending,53
111,394,pending,53
112,395,pending,53
113,396,pending,53
114,397,pending,53
115,398,pending,53
116,401,pending,53
117,402,pending,53
118,403,pending,53
119,404,pending,53
120,420,pending,53
121,421,pending,53
122,422,pending,53
123,424,pending,53
124,425,pending,53
125,426,pending,53
126,427,pending,53
127,428,pending,53
128,429,pending,53
129,430,pending,53
130,431,pending,53
131,432,pending,53
132,434,pending,53
133,436,pending,53
134,438,pending,53
135,439,pending,53
136,441,pending,53
137,442,pending,53
138,443,pending,53
139,444,pending,53
140,445,pending,53
141,446,pending,53
142,447,pending,53
143,448,pending,53
144,449,pending,53
157,468,in-progress,53
202,528,pending,53
203,529,pending,53
204,530,pending,53
